date,open,high,low,close,volume,price_change,p_change,ma5,v_ma5
2018-01-19,24.6,25.34,24.42,25.13,128449.11,0.53,2.15,24.432,91838.07
2018-01-18,24.4,24.88,24.3,24.6,67435.14,0.01,0.04,24.254,90208.95
2018-01-17,24.42,24.92,23.8,24.6,92242.51,0.2,0.82,24.068,86427.08
2018-01-16,23.4,24.6,23.3,24.4,101295.42,0.96,4.1,23.908,82003.73
2018-01-15,24.01,24.23,23.3,23.43,69768.17,-0.8,-3.3,23.82,78179.81
2018-01-12,23.7,25.15,23.42,24.24,120303.53,0.56,2.37,24.076,86133.33
2018-01-11,23.67,23.85,23.21,23.67,48525.75,-0.12,-0.5,24.13,102925.87
2018-01-10,24.1,24.6,23.4,23.8,70125.79,-0.14,-0.58,24.41,119246.95
2018-01-09,24.6,24.78,23.82,23.96,82175.82,-0.76,-3.07,24.208,120159.21
2018-01-08,24.12,24.95,24.01,24.71,109535.76,0.2,0.82,23.9,112259.6
2018-01-05,24.0,25.4,23.7,24.51,204266.23,-0.56,-2.23,23.42,97543.6
2018-01-04,22.79,25.07,22.51,25.07,130131.15,2.28,10.0,22.966,67939.35
2018-01-03,22.42,22.83,22.18,22.79,74687.1,0.38,1.7,22.378,51770.82
2018-01-02,22.3,22.54,22.05,22.42,42677.76,0.12,0.54,22.266,49219.34
2017-12-29,22.34,22.46,22.02,22.31,35955.75,0.08,0.36,22.084,57897.75
2017-12-28,22.23,22.84,22.12,22.24,56245.01,0.11,0.5,22.22,56385.4
2017-12-27,22.25,22.57,21.8,22.13,49288.5,-0.11,-0.49,22.414,51937.5
2017-12-26,21.73,22.66,21.73,22.23,61929.7,0.72,3.35,22.654,50753.59
2017-12-25,22.81,22.93,21.11,21.51,86069.77,-1.47,-6.4,22.9,46981.39
2017-12-22,23.21,23.39,22.9,22.99,28394.0,-0.21,-0.91,23.224,35689.43
2017-12-21,23.39,23.5,22.86,23.21,34005.55,-0.11,-0.47,23.226,38699.06
2017-12-20,23.61,23.96,23.2,23.33,43368.92,-0.14,-0.6,23.278,40910.18
2017-12-19,23.23,23.66,23.23,23.46,43068.7,0.31,1.34,23.374,45968.22
2017-12-18,23.0,23.49,22.83,23.13,29610.0,0.12,0.52,23.478,62395.75
2017-12-15,23.4,23.4,22.85,23.0,43442.15,-0.46,-1.96,23.402,64731.15
2017-12-14,23.65,23.77,23.22,23.47,45061.12,-0.33,-1.39,23.324,66787.14
2017-12-13,23.99,24.38,23.6,23.81,68659.12,-0.15,-0.63,23.082,67498.84
2017-12-12,22.61,24.14,22.61,23.98,125206.36,1.21,5.31,22.732,64299.97
2017-12-11,22.61,22.94,22.5,22.75,41287.0,0.14,0.62,22.276,54992.43
2017-12-08,22.4,22.9,22.04,22.61,53722.08,0.35,1.57,22.31,63831.59
2017-12-07,21.98,22.48,21.92,22.26,48619.64,0.22,1.0,22.624,61791.38
2017-12-06,21.66,22.1,21.51,22.06,52664.77,0.36,1.66,23.022,62062.1
2017-12-05,22.91,23.26,21.65,21.7,78668.67,-1.22,-5.32,23.468,62660.91
2017-12-04,23.91,24.15,22.85,22.92,85482.8,-1.27,-5.25,24.068,56728.88
2017-12-01,24.04,24.49,24.04,24.18,43521.0,-0.04,-0.17,24.326,51298.9
2017-11-30,24.37,24.76,24.05,24.25,49973.27,-0.05,-0.21,24.38,53226.8
2017-11-29,24.66,24.8,23.96,24.29,55658.83,-0.4,-1.62,24.336,58509.45
2017-11-28,24.01,24.9,24.0,24.7,49008.5,0.5,2.07,24.53,61031.58
2017-11-27,24.4,24.95,24.01,24.21,58332.89,-0.23,-0.94,24.646,67208.79
2017-11-24,24.1,24.7,24.09,24.45,53160.52,0.43,1.79,24.822,80676.85
2017-11-23,25.3,25.43,23.98,24.03,76386.5,-1.24,-4.91,25.148,103483.37
2017-11-22,25.21,25.9,24.84,25.26,68269.5,-0.03,-0.12,25.976,105831.21
2017-11-21,24.6,25.98,24.56,25.28,79894.52,0.17,0.68,26.616,116461.2
2017-11-20,25.55,25.58,23.46,25.09,125673.2,-0.98,-3.76,27.428,149236.94
2017-11-17,28.0,28.15,25.91,26.08,167193.12,-2.09,-7.42,28.06,155292.94
2017-11-16,28.1,28.72,28.0,28.17,88125.71,-0.3,-1.05,28.462,146977.99
2017-11-15,29.3,29.3,28.3,28.46,121419.46,-0.86,-2.93,28.502,167563.98
2017-11-14,28.0,29.89,27.68,29.34,243773.23,1.1,3.9,28.618,176050.82
2017-11-13,28.61,29.23,28.09,28.25,155953.17,0.16,0.57,28.546,161917.62
2017-11-10,28.78,28.99,27.88,28.09,125618.36,-0.28,-0.99,28.532,160906.32
2017-11-09,28.88,29.09,27.76,28.37,191055.7,-0.67,-2.31,28.544,191615.9
2017-11-08,28.8,29.7,28.11,29.04,163853.66,0.06,0.21,28.96,215900.97
2017-11-07,28.6,29.37,28.42,28.98,173107.2,0.8,2.84,29.918,229595.3
2017-11-06,28.67,28.74,27.76,28.18,150896.66,0.03,0.11,31.01,267306.04
2017-11-03,28.86,29.62,28.03,28.15,279166.28,-2.3,-7.55,31.786,304681.17
2017-11-02,31.8,31.8,30.45,30.45,312481.06,-3.38,-9.99,32.778,315612.77
2017-11-01,33.85,34.34,33.1,33.83,232325.3,-0.61,-1.77,33.17,353499.64
2017-10-31,32.62,35.22,32.2,34.44,361660.88,2.38,7.42,32.35,372824.04
2017-10-30,32.56,34.4,31.85,32.06,337772.31,-1.05,-3.17,31.072,363149.95
2017-10-27,31.45,33.2,31.45,33.11,333824.31,0.7,2.16,30.618,388894.38
2017-10-26,29.3,32.7,28.92,32.41,501915.41,2.68,9.01,29.662,404443.54
2017-10-25,27.86,30.45,27.54,29.73,328947.31,1.68,5.99,28.612,340158.56
2017-10-24,28.2,28.75,27.22,28.05,313290.41,-1.74,-5.84,27.804,296239.76
2017-10-23,29.0,31.16,28.9,29.79,466494.47,1.46,5.15,27.28,247111.56
2017-10-20,29.2,29.83,27.85,28.33,411570.12,1.17,4.31,26.36,176454.41
2017-10-19,25.61,27.2,25.61,27.16,180490.47,1.47,5.72,25.964,105002.11
2017-10-18,25.63,26.41,25.5,25.69,109353.35,0.26,1.02,25.784,86081.84
2017-10-17,25.3,25.88,25.23,25.43,67649.41,0.24,0.95,25.908,89964.65
2017-10-16,26.4,26.48,25.03,25.19,113208.69,-1.16,-4.4,26.246,94279.29
2017-10-13,26.26,26.54,26.14,26.35,54308.65,0.09,0.34,26.678,105769.58
2017-10-12,26.28,26.51,25.92,26.26,85889.09,-0.05,-0.19,26.966,126440.79
2017-10-11,27.26,27.37,26.02,26.31,128767.41,-0.81,-2.99,27.17,155067.65
2017-10-10,27.12,27.49,26.75,27.12,89222.62,-0.23,-0.84,27.56,205273.46
2017-10-09,27.8,28.22,27.0,27.35,170660.12,-0.44,-1.58,27.44,220528.36
2017-09-29,27.49,27.88,27.04,27.79,157664.69,0.51,1.87,26.952,214352.17
2017-09-28,27.58,28.1,27.11,27.28,229023.39,-0.98,-3.47,26.63,225693.6
2017-09-27,26.52,29.01,26.52,28.26,379796.5,1.74,6.56,26.72,252358.18
2017-09-26,24.87,26.66,24.85,26.52,165497.09,1.61,6.46,26.246,196699.1
2017-09-25,25.78,26.16,24.67,24.91,139779.2,-1.27,-4.85,26.09,185575.07
2017-09-22,27.0,27.18,25.87,26.18,214371.81,-1.55,-5.59,26.298,189207.81
2017-09-21,26.03,28.48,25.7,27.73,362346.28,1.84,7.11,26.44,180037.81
2017-09-20,25.66,26.08,25.35,25.89,101501.12,0.15,0.58,26.24,130605.78
2017-09-19,25.95,26.52,25.53,25.74,109876.95,-0.21,-0.81,26.452,145619.77
2017-09-18,26.66,26.66,25.53,25.95,157942.91,-0.94,-3.5,26.796,183829.29
2017-09-15,26.58,27.76,26.33,26.89,168521.77,0.16,0.6,27.024,203850.1
2017-09-14,26.7,27.1,26.42,26.73,115186.16,-0.22,-0.82,27.032,238433.87
2017-09-13,27.2,27.85,26.66,26.95,176571.05,-0.51,-1.86,26.8,273330.25
2017-09-12,27.18,28.55,26.31,27.46,300924.56,0.37,1.37,26.312,270362.6
2017-09-11,26.9,27.55,26.56,27.09,258046.98,0.16,0.59,25.61,237975.12
2017-09-08,25.5,27.47,25.32,26.93,341440.59,1.36,5.32,24.944,235166.7
2017-09-07,24.41,26.9,24.2,25.57,289668.06,1.06,4.33,24.566,201740.8
2017-09-06,23.51,24.88,23.38,24.51,161732.8,0.56,2.34,24.576,195688.49
2017-09-05,23.76,24.32,23.31,23.95,138987.19,0.19,0.8,24.504,202643.87
2017-09-04,24.45,24.45,23.3,23.76,244004.84,-1.28,-5.11,24.326,193036.87
2017-09-01,25.33,25.5,24.78,25.04,174311.09,-0.58,-2.26,24.274,168065.26
2017-08-31,24.16,25.88,23.78,25.62,259406.52,1.47,6.09,23.94,159122.44
2017-08-30,23.25,24.6,23.21,24.15,196509.73,1.09,4.73,23.34,134021.77
2017-08-29,23.45,23.85,23.04,23.06,90952.18,-0.44,-1.87,23.124,147623.61
2017-08-28,23.45,23.7,23.05,23.5,119146.78,0.13,0.56,23.382,221919.75
2017-08-25,22.5,23.6,22.5,23.37,129597.0,0.75,3.32,23.224,215737.21
2017-08-24,22.87,23.25,22.47,22.62,133903.14,-0.45,-1.95,23.03,220301.19
2017-08-23,23.9,24.06,22.85,23.07,264518.94,-1.28,-5.26,22.882,205077.23
2017-08-22,22.55,24.98,22.38,24.35,462432.88,1.64,7.22,22.646,166143.05
2017-08-21,22.6,22.88,22.14,22.71,88234.07,0.31,1.38,22.064,81846.87
2017-08-18,21.75,22.98,21.51,22.4,152416.92,0.52,2.38,21.822,72859.08
2017-08-17,21.8,22.05,21.65,21.88,57783.36,-0.01,-0.05,21.588,59709.77
2017-08-16,21.37,22.07,21.35,21.89,69848.0,0.45,2.1,21.622,68846.23
2017-08-15,21.52,21.68,21.34,21.44,40952.0,-0.06,-0.28,21.524,65875.63
2017-08-14,21.1,21.56,20.93,21.5,43295.1,0.27,1.27,21.568,67558.65
2017-08-11,21.85,22.09,21.1,21.23,86670.4,-0.82,-3.72,21.606,67295.81
2017-08-10,21.45,22.2,21.36,22.05,103465.63,0.65,3.04,21.658,67736.48
2017-08-09,21.62,21.62,21.23,21.4,54995.01,-0.26,-1.2,21.704,58930.45
2017-08-08,21.62,21.8,21.49,21.66,49367.1,-0.03,-0.14,21.802,63817.09
2017-08-07,21.6,21.97,21.49,21.69,41980.9,0.2,0.93,21.946,76882.78
2017-08-04,22.1,22.27,21.44,21.49,88873.78,-0.79,-3.55,22.166,97208.92
2017-08-03,22.18,22.46,21.99,22.28,59435.48,0.39,1.78,22.47,99453.13
2017-08-02,22.13,22.49,21.86,21.89,79428.17,-0.49,-2.19,22.566,107928.23
2017-08-01,22.65,23.18,22.3,22.38,114695.56,-0.41,-1.8,22.868,114097.89
2017-07-31,22.78,22.9,21.84,22.79,143611.59,-0.22,-0.96,23.132,124656.68
2017-07-28,22.6,23.36,22.5,23.01,100094.83,0.25,1.1,23.18,116592.45
2017-07-27,23.39,23.39,22.63,22.76,101811.01,-0.64,-2.73,23.218,128795.61
2017-07-26,23.53,23.92,22.85,23.4,110276.48,-0.3,-1.27,23.2,130237.86
2017-07-25,23.07,24.2,22.64,23.7,167489.48,0.67,2.91,23.042,137135.54
2017-07-24,22.8,23.79,22.63,23.03,103290.47,-0.17,-0.73,22.554,122676.77
2017-07-21,22.75,23.98,22.75,23.2,161110.59,0.53,2.34,22.142,137710.98
2017-07-20,22.52,23.1,22.36,22.67,109022.27,0.06,0.27,22.076,138279.69
2017-07-19,21.14,22.86,20.86,22.61,144764.88,1.35,6.35,22.236,151599.61
2017-07-18,20.63,21.58,20.63,21.26,95195.62,0.29,1.38,22.476,175155.77
2017-07-17,22.64,22.66,20.58,20.97,178461.53,-1.9,-8.31,22.67,207641.51
2017-07-14,23.28,24.29,22.8,22.87,163954.17,-0.6,-2.56,23.102,232640.92
2017-07-13,23.6,23.6,22.81,23.47,175621.84,-0.34,-1.43,22.79,222056.57
2017-07-12,22.26,23.95,22.26,23.81,262545.69,1.58,7.11,22.292,205545.87
2017-07-11,22.99,24.0,21.85,22.23,257624.34,-0.9,-3.89,21.732,177746.19
2017-07-10,21.11,23.44,21.06,23.13,303458.56,1.82,8.54,21.442,162290.45
2017-07-07,20.8,21.44,20.65,21.31,111032.43,0.33,1.57,21.212,136454.34
2017-07-06,20.86,21.19,20.69,20.98,93068.35,-0.03,-0.14,21.262,143812.95
2017-07-05,20.59,21.14,20.51,21.01,123547.26,0.23,1.11,21.414,154475.33
2017-07-04,21.97,21.99,20.75,20.78,180345.66,-1.2,-5.46,21.546,176393.3
2017-07-03,21.59,22.14,21.37,21.98,174278.0,0.42,1.95,21.83,198035.52
2017-06-30,21.6,21.74,21.13,21.56,147825.48,-0.18,-0.83,22.086,219634.25
2017-06-29,21.78,21.94,21.47,21.74,146380.23,0.07,0.32,22.442,277723.49
2017-06-28,22.2,22.37,21.41,21.67,233137.12,-0.53,-2.39,23.28,332782.16
2017-06-27,23.1,23.24,22.06,22.2,288556.75,-1.06,-4.56,23.66,327174.26
2017-06-26,23.3,23.87,22.57,23.26,282271.66,-0.08,-0.34,24.036,344263.97
2017-06-23,24.0,24.47,23.34,23.34,438271.69,-2.59,-9.99,23.884,333612.72
2017-06-22,23.32,25.93,23.26,25.93,421673.59,2.36,10.01,23.376,271087.94
2017-06-21,23.0,23.84,22.9,23.57,205097.59,-0.51,-2.12,22.232,206391.22
2017-06-20,23.75,24.45,22.22,24.08,374005.34,1.58,7.02,21.378,179471.78
2017-06-19,21.0,22.85,20.94,22.5,229015.38,1.7,8.17,20.386,117700.07
2017-06-16,20.41,21.78,20.41,20.8,125647.79,0.59,2.92,19.514,80103.66
2017-06-15,19.33,20.35,19.33,20.21,98190.0,0.91,4.71,19.168,64509.53
2017-06-14,19.31,19.91,19.11,19.3,70500.37,0.18,0.94,18.926,52996.68
2017-06-13,18.25,19.35,18.25,19.12,65146.83,0.98,5.4,18.926,49271.56
2017-06-12,18.8,18.8,18.1,18.14,41033.32,-0.93,-4.88,18.812,41699.02
2017-06-09,19.2,19.2,18.6,19.07,47677.14,0.07,0.37,18.922,45969.33
2017-06-08,19.35,19.5,18.93,19.0,40625.74,-0.3,-1.55,18.744,42548.78
2017-06-07,18.59,19.44,18.59,19.3,51874.76,0.75,4.04,18.532,41751.68
2017-06-06,18.74,18.8,18.4,18.55,27284.12,-0.14,-0.75,18.254,37990.75
2017-06-05,18.16,18.94,18.14,18.69,62384.89,0.51,2.81,18.098,40348.75
2017-06-02,18.15,18.19,17.65,18.18,30574.41,0.24,1.34,17.758,33411.29
2017-06-01,17.9,18.24,17.73,17.94,36640.23,0.03,0.17,17.486,34062.61
2017-05-31,17.85,18.25,17.8,17.91,33070.1,0.14,0.79,17.38,30396.62
2017-05-26,17.1,17.95,17.0,17.77,39074.11,0.78,4.59,17.346,26609.57
2017-05-25,16.95,17.15,16.84,16.99,27697.59,0.17,1.01,17.362,21427.78
2017-05-24,17.2,17.41,16.72,16.82,33831.04,-0.59,-3.39,17.524,18674.92
2017-05-23,17.75,17.99,17.36,17.41,18310.28,-0.33,-1.86,17.746,16508.19
2017-05-22,17.85,18.06,17.69,17.74,14134.85,-0.11,-0.62,17.804,17354.34
2017-05-19,17.81,18.07,17.8,17.85,13165.16,0.05,0.28,17.758,17451.66
2017-05-18,17.8,18.09,17.75,17.8,13933.25,-0.13,-0.72,17.708,21302.65
2017-05-17,17.87,18.29,17.75,17.93,22997.42,0.23,1.3,17.732,23642.78
2017-05-16,17.5,17.71,17.18,17.7,22541.04,0.19,1.08,17.81,22953.65
2017-05-15,17.3,17.76,17.3,17.51,14621.41,-0.09,-0.51,18.014,21531.92
2017-05-12,17.85,17.97,17.13,17.6,32420.13,-0.32,-1.79,18.216,22566.44
2017-05-11,18.35,18.35,17.51,17.92,25633.92,-0.4,-2.18,18.424,23012.48
2017-05-10,18.63,18.8,18.27,18.32,19551.74,-0.4,-2.14,18.662,21505.61
2017-05-09,18.53,18.83,18.48,18.72,15432.39,0.2,1.08,18.868,24145.61
2017-05-08,18.58,18.85,18.45,18.52,19794.03,-0.12,-0.64,19.0,26133.05
2017-05-05,19.1,19.24,18.5,18.64,34650.32,-0.47,-2.46,19.186,29887.3
2017-05-04,19.31,19.35,19.01,19.11,18099.59,-0.24,-1.24,19.206,30687.02
2017-05-03,19.28,19.65,19.11,19.35,32751.71,-0.03,-0.15,19.144,31779.1
2017-05-02,19.2,19.76,19.1,19.38,25369.62,-0.07,-0.36,19.024,29636.53
2017-04-28,18.87,19.5,18.75,19.45,38565.28,0.71,3.79,18.892,32564.74
2017-04-27,18.9,18.92,18.26,18.74,38648.9,-0.06,-0.32,18.928,30313.66
2017-04-26,18.85,19.0,18.55,18.8,23559.97,0.05,0.27,19.08,38185.12
2017-04-25,18.88,19.05,18.7,18.75,22038.9,0.03,0.16,19.366,54719.11
2017-04-24,19.58,19.58,18.7,18.72,40010.66,-0.91,-4.64,19.91,72634.6
2017-04-21,19.49,19.74,19.38,19.63,27309.89,0.13,0.67,20.334,75731.12
2017-04-20,20.07,20.16,19.21,19.5,78006.18,-0.73,-3.61,20.54,85289.69
2017-04-19,21.3,21.53,20.0,20.23,106229.9,-1.24,-5.78,20.926,85174.38
2017-04-18,20.61,21.78,20.52,21.47,111616.35,0.63,3.02,21.162,92479.1
2017-04-17,20.67,21.54,20.43,20.84,55493.28,0.18,0.87,21.0,87731.13
2017-04-14,21.21,21.42,20.51,20.66,75102.73,-0.77,-3.59,20.978,109186.24
2017-04-13,21.3,21.8,21.02,21.43,77429.64,0.02,0.09,21.228,127754.18
2017-04-12,20.26,22.66,20.26,21.41,142753.48,0.75,3.63,21.104,125346.56
2017-04-11,20.36,20.86,20.03,20.66,87876.53,-0.07,-0.34,21.02,119276.96
2017-04-10,21.3,21.4,19.72,20.73,162768.84,-1.18,-5.39,20.824,106592.83
2017-04-07,20.81,22.36,20.81,21.91,167942.41,1.1,5.29,20.66,83476.54
2017-04-06,21.0,21.26,20.65,20.81,65391.54,-0.18,-0.86,20.212,54285.56
2017-04-05,19.73,21.58,19.73,20.99,112405.49,1.31,6.66,19.99,44960.74
2017-03-31,19.9,19.96,19.61,19.68,24455.88,-0.23,-1.16,19.744,30204.73
2017-03-30,19.68,20.17,19.63,19.91,47187.37,0.24,1.22,19.8,34900.28
2017-03-29,19.8,19.94,19.56,19.67,21987.51,-0.03,-0.15,19.718,36323.14
2017-03-28,19.78,19.84,19.54,19.7,18767.43,-0.06,-0.3,19.762,39156.98
2017-03-27,19.91,20.27,19.64,19.76,38625.45,-0.2,-1.0,19.89,41346.67
2017-03-24,19.5,20.17,19.35,19.96,47933.66,0.46,2.36,20.034,38662.81
2017-03-23,19.88,20.16,19.28,19.5,54301.64,-0.39,-1.96,20.126,36322.24
2017-03-22,20.19,20.24,19.88,19.89,36156.71,-0.45,-2.21,20.34,32878.04
2017-03-21,20.47,20.55,20.18,20.34,29715.91,-0.14,-0.68,20.478,30423.55
2017-03-20,20.4,20.62,20.21,20.48,25206.15,0.06,0.29,20.588,32853.71
2017-03-17,20.6,20.78,20.32,20.42,36230.77,-0.15,-0.73,20.648,42950.37
2017-03-16,20.6,20.78,20.5,20.57,37080.64,-0.01,-0.05,20.786,42204.56
2017-03-15,20.8,20.87,20.57,20.58,23884.3,-0.31,-1.48,20.858,39642.87
2017-03-14,20.52,21.2,20.52,20.89,41866.68,0.11,0.53,20.962,42919.46
2017-03-13,20.92,20.99,20.0,20.78,75689.44,-0.33,-1.56,21.066,45758.7
2017-03-10,20.96,21.29,20.89,21.11,32501.76,0.18,0.86,21.306,38364.5
2017-03-09,21.17,21.19,20.84,20.93,24272.15,-0.17,-0.81,21.472,40253.54
2017-03-08,21.3,21.38,21.02,21.1,40267.26,-0.31,-1.45,21.644,42181.14
2017-03-07,21.88,21.94,21.3,21.41,56062.87,-0.57,-2.59,21.84,51369.2
2017-03-06,22.13,22.2,21.75,21.98,38718.44,0.04,0.18,21.884,45357.01
2017-03-03,21.79,22.44,21.68,21.94,41946.99,0.15,0.69,21.794,46198.44
2017-03-02,22.0,22.08,21.71,21.79,33910.13,-0.29,-1.31,21.792,53631.36
2017-03-01,21.61,22.48,21.61,22.08,86207.58,0.45,2.08,21.878,80610.11
2017-02-28,21.52,21.87,21.52,21.63,26001.91,0.1,0.46,21.638,76783.04
2017-02-27,21.82,21.93,21.5,21.53,42925.61,-0.4,-1.82,21.578,82005.04
2017-02-24,22.08,22.18,21.61,21.93,79111.58,-0.29,-1.3,21.59,81236.19
2017-02-23,20.99,22.82,20.89,22.22,168803.86,1.34,6.42,21.522,81515.44
2017-02-22,21.35,21.39,20.73,20.88,67072.25,-0.45,-2.11,21.548,69900.6
2017-02-21,21.7,21.7,21.22,21.33,52111.92,-0.26,-1.2,21.728,83164.76
2017-02-20,21.46,21.8,21.3,21.59,39081.32,0.0,0.0,21.708,89308.67
2017-02-17,22.17,22.26,21.42,21.59,80507.85,-0.76,-3.4,21.548,93006.49
2017-02-16,21.57,22.38,21.5,22.35,110729.67,0.57,2.62,21.32,84583.65
2017-02-15,21.5,22.29,21.3,21.78,133393.03,0.55,2.59,20.984,70765.74
2017-02-14,20.75,21.49,20.7,21.23,82831.5,0.44,2.12,20.758,57623.98
2017-02-13,20.38,20.98,20.27,20.79,57570.38,0.34,1.66,20.69,63978.98
2017-02-10,20.72,20.81,20.42,20.45,38393.69,-0.22,-1.06,20.622,73191.03
2017-02-09,20.52,20.82,20.42,20.67,41640.09,0.02,0.1,20.366,67167.29
2017-02-08,20.55,21.1,20.3,20.65,67684.26,-0.24,-1.15,20.07,61156.68
2017-02-07,19.97,21.2,19.68,20.89,114606.5,0.44,2.15,19.772,49724.52
2017-02-06,19.35,21.09,19.35,20.45,103630.6,1.28,6.68,19.416,29212.84
2017-02-03,19.13,19.28,18.81,19.17,8275.0,-0.02,-0.1,19.156,10804.74
2017-01-26,19.3,19.37,19.09,19.19,11587.02,0.03,0.16,19.146,13319.0
2017-01-25,19.15,19.24,19.07,19.16,10523.48,0.05,0.26,19.034,15351.01
2017-01-24,19.29,19.44,19.01,19.11,12048.09,-0.04,-0.21,18.932,16887.18
2017-01-23,19.11,19.36,19.06,19.15,11590.1,0.03,0.16,18.84,19101.27
2017-01-20,18.63,19.2,18.56,19.12,20846.31,0.49,2.63,18.704,27456.28
2017-01-19,18.67,18.88,18.48,18.63,21747.06,-0.02,-0.11,18.872,29019.59
2017-01-18,18.65,18.99,18.48,18.65,18204.36,0.0,0.0,19.226,35782.54
2017-01-17,18.51,18.88,18.0,18.65,23118.5,0.18,0.97,19.506,39341.01
2017-01-16,19.95,19.95,17.96,18.47,53365.19,-1.49,-7.46,19.816,41341.43
2017-01-13,20.26,20.49,19.82,19.96,28662.83,-0.44,-2.16,20.202,41610.25
2017-01-12,20.05,20.83,20.05,20.4,55561.81,0.35,1.75,20.248,51348.33
2017-01-11,20.31,20.34,20.02,20.05,35996.74,-0.15,-0.74,20.18,55465.94
2017-01-10,20.22,20.45,20.06,20.2,33120.56,-0.2,-0.98,20.124,56509.8
2017-01-09,20.38,20.56,19.75,20.4,54709.33,0.21,1.04,19.98,55945.29
2017-01-06,20.0,20.5,19.97,20.19,77353.22,0.13,0.65,19.77,56334.87
2017-01-05,19.78,20.4,19.47,20.06,76149.86,0.29,1.47,19.7,55831.08
2017-01-04,19.44,19.96,19.39,19.77,41216.04,0.29,1.49,19.57,47923.03
2017-01-03,19.4,19.68,19.3,19.48,30298.01,0.13,0.67,19.518,51239.2
2016-12-30,19.6,19.99,19.31,19.35,56657.23,-0.49,-2.47,19.6,55796.32
2016-12-29,19.38,20.43,19.15,19.84,74834.28,0.43,2.21,19.698,62017.34
2016-12-28,19.59,19.73,19.37,19.41,36609.58,-0.1,-0.51,19.814,77144.65
2016-12-27,19.68,19.87,19.46,19.51,57796.91,-0.38,-1.91,19.644,77501.98
2016-12-26,19.81,19.9,19.0,19.89,53083.59,0.05,0.25,19.418,71659.2
2016-12-23,20.46,20.48,19.7,19.84,87762.36,-0.58,-2.84,19.146,67217.95
2016-12-22,18.5,20.42,18.45,20.42,150470.83,1.86,10.02,18.874,59074.51
2016-12-21,18.49,18.62,18.2,18.56,38396.23,0.18,0.98,18.486,41018.68
2016-12-20,18.45,18.48,18.2,18.38,28583.0,-0.15,-0.81,18.382,49722.8
2016-12-19,18.5,18.68,18.35,18.53,30877.32,0.05,0.27,18.394,70323.3
2016-12-16,18.53,18.85,18.45,18.48,47045.17,0.0,0.0,18.492,81815.08
2016-12-15,17.98,18.86,17.88,18.48,60191.69,0.44,2.44,18.676,96447.11
2016-12-14,18.11,18.5,17.55,18.04,81916.83,-0.4,-2.17,19.162,92427.81
2016-12-13,19.04,19.15,17.18,18.44,131585.48,-0.58,-3.05,19.814,81226.42
2016-12-12,19.48,19.92,18.98,19.02,88336.21,-0.38,-1.96,20.322,63233.47
2016-12-09,20.91,20.99,19.37,19.4,120205.35,-1.51,-7.22,20.758,53371.87
2016-12-08,21.3,21.39,20.85,20.91,40095.18,-0.39,-1.83,21.092,41816.15
2016-12-07,21.14,21.32,20.82,21.3,25909.87,0.32,1.52,21.206,45146.22
2016-12-06,21.18,21.38,20.85,20.98,41620.73,-0.22,-1.04,21.242,63450.56
2016-12-05,20.85,21.38,20.82,21.2,39028.21,0.14,0.67,21.62,93177.02
2016-12-02,21.58,21.59,20.75,21.07,62426.78,-0.38,-1.77,22.46,105121.04
2016-12-01,21.5,21.7,21.17,21.48,56745.53,0.01,0.05,23.176,101600.78
2016-11-30,22.21,22.37,21.14,21.48,117431.54,-1.39,-6.08,23.752,106904.67
2016-11-29,25.0,25.1,22.87,22.87,190253.05,-2.54,-10.0,24.478,104935.77
2016-11-16,24.5,25.52,24.5,25.4,98748.28,0.76,3.08,24.896,89431.47
2016-11-15,24.36,24.98,24.15,24.65,44825.48,0.32,1.31,24.704,94012.78
2016-11-14,25.22,25.23,24.15,24.36,83265.02,-0.75,-2.99,24.666,106217.88
2016-11-11,24.9,25.3,24.5,25.11,107587.03,0.15,0.6,24.406,98378.77
2016-11-10,24.48,25.4,24.23,24.96,112731.55,0.54,2.21,24.044,88451.48
2016-11-09,24.4,24.79,23.63,24.44,121654.84,-0.03,-0.12,23.692,87662.5
2016-11-08,23.17,24.5,22.95,24.46,105850.97,1.41,6.12,23.424,84457.15
2016-11-07,23.11,23.39,22.84,23.06,44069.47,-0.33,-1.41,23.312,84152.81
2016-11-04,23.17,23.65,22.8,23.3,57950.55,0.09,0.39,23.554,105512.66
2016-11-03,23.16,23.51,22.65,23.2,108786.66,0.13,0.56,23.672,113321.44
2016-11-02,23.8,23.99,23.0,23.1,105628.11,-0.78,-3.27,23.836,110733.47
2016-11-01,24.1,24.6,23.63,23.9,104329.24,-0.35,-1.44,24.036,119817.06
2016-10-31,23.78,24.75,23.51,24.27,150868.73,0.38,1.59,23.906,129190.13
2016-10-28,24.1,24.2,23.05,23.89,96994.48,-0.15,-0.62,23.428,111823.39
2016-10-27,23.89,24.28,23.89,24.02,95846.8,-0.08,-0.33,22.844,99517.38
2016-10-26,23.25,24.56,22.8,24.1,151046.05,0.86,3.7,22.286,85535.53
2016-10-25,21.61,23.58,21.61,23.25,151194.61,1.37,6.26,21.716,61554.62
2016-10-24,21.15,21.98,21.04,21.88,64035.03,0.91,4.34,21.332,39047.25
2016-10-21,21.15,21.34,20.78,20.97,35464.4,-0.26,-1.23,21.152,36009.93
2016-10-20,21.25,21.4,21.08,21.23,25937.57,0.04,0.19,21.308,40673.52
2016-10-19,21.35,21.56,21.09,21.25,31141.48,-0.07,-0.33,21.512,43619.72
2016-10-18,21.14,21.35,20.81,21.33,38657.79,0.33,1.57,21.788,58165.29
2016-10-17,21.99,22.09,20.96,20.98,48848.43,-0.77,-3.54,21.996,66075.53
2016-10-14,22.2,22.2,21.48,21.75,58782.33,-0.49,-2.2,22.15,67596.25
2016-10-13,22.43,22.75,22.13,22.25,40668.55,-0.39,-1.72,22.12,65636.04
2016-10-12,22.3,23.25,22.12,22.63,103869.33,0.26,1.16,21.928,74725.26
2016-10-11,21.59,22.47,21.59,22.37,78209.0,0.61,2.8,21.574,73067.55
2016-10-10,21.9,21.9,21.11,21.75,56452.05,0.18,0.83,21.076,66011.57
2016-09-30,21.19,21.75,21.13,21.6,48981.25,0.31,1.46,20.586,76636.22
2016-09-29,20.85,21.85,20.56,21.29,86114.68,0.43,2.06,20.504,78091.44
2016-09-28,19.88,20.98,19.71,20.86,95580.75,0.98,4.93,20.458,73619.52
2016-09-27,19.3,19.9,19.29,19.88,42929.14,0.59,3.06,20.47,63206.81
2016-09-26,21.03,21.1,19.19,19.3,109575.26,-1.89,-8.92,20.652,73969.82
2016-09-23,21.06,21.53,20.8,21.19,56257.38,0.13,0.62,21.022,70512.26
2016-09-22,20.95,21.5,20.94,21.06,63755.07,0.13,0.62,21.168,65452.41
2016-09-21,20.78,20.96,20.62,20.92,43517.18,0.12,0.58,21.336,64886.94
2016-09-20,21.16,21.31,20.44,20.79,96744.23,-0.35,-1.66,21.54,78801.53
2016-09-19,21.95,22.1,21.1,21.15,92287.46,-0.8,-3.65,21.998,95964.67
2016-09-14,21.8,22.06,21.6,21.92,30958.12,0.0,0.0,22.618,104741.17
2016-09-13,22.1,22.3,21.58,21.9,60927.69,-0.03,-0.14,23.13,144275.06
2016-09-12,22.5,22.77,21.5,21.94,113090.14,-1.06,-4.61,23.348,159330.53
2016-09-09,23.92,24.06,22.6,23.08,182559.94,-1.14,-4.71,23.516,158412.12
2016-09-08,24.8,24.8,23.81,24.25,136169.94,-0.24,-0.98,23.47,168695.44
2016-09-07,23.2,24.94,23.0,24.48,228627.59,1.49,6.48,23.192,193177.05
2016-09-06,22.74,24.07,22.74,22.99,136205.03,0.23,1.01,22.45,151935.44
2016-09-05,22.57,23.48,22.57,22.78,108498.1,-0.07,-0.31,21.992,133160.42
2016-09-02,22.33,23.8,22.33,22.85,233976.56,0.0,0.0,21.654,121822.2
2016-09-01,20.85,22.86,20.75,22.86,258577.98,2.08,10.01,21.432,81798.03
2016-08-31,20.92,20.94,20.65,20.77,22419.51,0.07,0.34,21.21,40255.61
2016-08-30,21.12,21.3,20.61,20.7,42329.96,-0.39,-1.85,21.462,50635.99
2016-08-29,21.87,21.87,21.0,21.09,51807.0,-0.67,-3.08,21.63,53424.79
2016-08-26,21.79,21.95,21.61,21.74,33855.69,-0.02,-0.09,21.85,56061.41
2016-08-25,21.8,22.03,21.53,21.75,50865.89,-0.26,-1.18,21.926,69304.58
2016-08-24,21.88,22.38,21.75,22.03,74321.39,0.49,2.27,22.096,90504.39
2016-08-23,22.41,22.41,21.38,21.54,56274.0,-0.66,-2.97,22.17,103081.87
2016-08-22,22.08,22.4,21.8,22.19,64990.1,0.0,0.0,22.42,129930.07
2016-08-19,22.6,22.6,21.99,22.12,100071.53,-0.57,-2.51,22.38,146294.79
2016-08-18,22.41,23.04,22.22,22.6,156864.94,0.23,1.03,22.224,142835.86
2016-08-17,22.51,22.78,21.83,22.4,137208.8,-0.38,-1.67,21.874,125241.81
2016-08-16,21.81,23.0,21.81,22.79,190514.98,0.8,3.64,21.594,112768.84
2016-08-15,21.6,22.38,21.18,21.99,146813.69,0.65,3.05,21.376,97845.51
2016-08-12,20.77,21.6,20.71,21.34,82776.91,0.53,2.55,21.206,85155.12
2016-08-11,21.09,21.25,20.77,20.85,68894.68,-0.16,-0.76,21.27,94768.66
2016-08-10,21.44,21.5,20.98,21.0,74843.92,-0.68,-3.14,21.48,106081.23
2016-08-09,21.14,21.7,20.8,21.7,115898.33,0.54,2.55,21.712,129499.93
2016-08-08,21.41,21.55,20.8,21.14,83361.75,-0.52,-2.4,21.532,139013.09
2016-08-05,22.15,22.7,21.55,21.66,130844.6,-0.26,-1.19,21.396,143629.78
2016-08-04,21.79,22.0,21.31,21.9,125457.57,-0.23,-1.04,21.21,142209.25
2016-08-03,21.0,22.45,20.51,22.16,191937.39,1.39,6.69,21.058,154385.73
2016-08-02,20.55,21.12,20.17,20.8,163464.12,0.38,1.86,21.16,178003.99
2016-08-01,20.37,21.22,20.03,20.46,106445.22,-0.23,-1.11,21.324,182519.0
2016-07-29,20.92,21.74,20.52,20.73,123741.96,-0.39,-1.85,21.628,201942.85
2016-07-28,21.98,22.14,20.85,21.14,186339.94,-1.52,-6.71,21.474,204821.74
2016-07-27,21.82,23.35,21.3,22.67,310028.69,1.07,4.95,21.066,200900.22
2016-07-26,22.15,22.78,21.2,21.62,186039.19,-0.36,-1.64,20.226,151529.85
2016-07-25,20.17,21.98,20.0,21.98,203564.47,2.0,10.01,19.502,122860.31
2016-07-22,19.41,20.8,18.82,19.96,138136.42,0.87,4.56,18.768,94084.82
2016-07-21,18.31,19.53,18.25,19.1,166732.31,0.63,3.41,18.44,87676.73
2016-07-20,18.17,18.73,18.09,18.47,63176.86,0.48,2.67,18.154,63918.98
2016-07-19,18.3,18.3,17.9,18.0,42691.51,-0.31,-1.69,17.986,62096.75
2016-07-18,18.0,18.52,18.0,18.31,59686.98,-0.01,-0.06,17.9,69775.44
2016-07-15,17.69,18.79,17.69,18.32,106095.98,0.64,3.62,17.828,76686.32
2016-07-14,17.6,17.73,17.21,17.67,47943.58,0.04,0.23,17.854,93348.84
2016-07-13,17.88,17.89,17.53,17.63,54065.69,0.05,0.28,18.052,93511.43
2016-07-12,17.82,17.95,17.05,17.57,81084.98,-0.38,-2.12,17.918,82929.92
2016-07-11,18.0,18.5,17.71,17.95,94241.36,-0.52,-2.81,17.488,71636.11
2016-07-08,19.5,19.5,18.15,18.45,189408.58,-0.21,-1.12,16.946,57904.18
2016-07-07,18.66,18.66,18.41,18.66,48756.55,1.7,10.02,16.206,25103.33
2016-07-06,16.96,16.96,16.96,16.96,1158.12,1.54,9.99,15.476,19965.38
2016-03-15,15.24,15.51,15.12,15.42,24615.96,0.18,1.18,15.14,23929.04
2016-03-14,15.02,15.55,15.02,15.24,25581.68,0.5,3.39,15.206,26795.98
2016-03-11,14.97,14.97,14.49,14.75,25404.35,-0.26,-1.73,15.242,28010.79
2016-03-10,15.25,15.41,15.01,15.01,23066.78,-0.26,-1.7,15.33,36743.87
2016-03-09,15.48,15.6,15.15,15.28,20976.41,-0.47,-2.98,15.552,52025.3
2016-03-08,15.5,15.77,14.8,15.75,38950.69,0.28,1.81,15.532,57655.74
2016-03-07,15.17,15.75,15.17,15.42,31655.71,0.25,1.65,15.262,55793.65
2016-03-04,15.84,16.15,15.0,15.19,69069.78,-0.92,-5.71,14.98,56249.24
2016-03-03,15.1,16.71,15.1,16.12,99473.9,0.93,6.12,14.912,49500.78
2016-03-02,14.4,15.2,14.36,15.18,49128.62,0.77,5.34,14.7,40806.25
2016-03-01,14.02,14.6,14.02,14.4,29640.23,0.38,2.71,15.012,40521.34
2016-02-29,14.82,14.93,13.8,14.01,33933.66,-0.86,-5.78,15.368,42277.42
2016-02-26,15.15,15.39,14.31,14.85,35327.51,-0.21,-1.39,15.862,43384.88
2016-02-25,16.5,16.61,15.06,15.06,56001.21,-1.67,-9.98,16.108,42166.54
2016-02-24,15.98,16.75,15.83,16.74,47704.09,0.56,3.46,16.292,40269.97
2016-02-23,16.56,16.58,15.7,16.18,38420.64,-0.29,-1.76,16.166,41152.5
2016-02-22,16.35,16.59,16.22,16.48,39470.97,0.39,2.42,16.054,39435.06
2016-02-19,15.92,16.18,15.3,16.08,29235.78,0.11,0.69,15.768,37185.64
2016-02-18,16.12,16.36,15.8,15.98,46518.39,-0.14,-0.87,15.612,38936.48
2016-02-17,15.6,16.7,15.55,16.11,52116.73,0.5,3.2,15.446,37650.88
2016-02-16,15.11,15.71,15.1,15.62,29833.41,0.59,3.92,15.118,31664.42
2016-02-15,14.68,15.19,14.54,15.05,28223.87,-0.25,-1.63,14.904,34132.84
2016-02-05,15.02,15.9,15.02,15.3,37989.99,0.15,0.99,14.714,33914.19
2016-02-04,14.52,15.25,14.52,15.15,40090.4,0.67,4.63,14.448,33972.18
2016-02-03,14.5,14.53,14.25,14.47,22184.43,-0.07,-0.48,14.13,31357.17
2016-02-02,14.15,14.71,14.05,14.55,42175.52,0.46,3.27,14.034,35027.99
2016-02-01,13.99,14.28,13.9,14.1,27130.6,0.12,0.86,14.03,34182.93
2016-01-29,13.59,14.21,13.3,13.97,38279.97,0.4,2.95,14.39,35217.6
2016-01-28,13.96,14.21,13.4,13.56,27015.35,-0.45,-3.21,14.71,32618.48
2016-01-27,14.64,14.69,13.26,13.99,40538.52,-0.51,-3.52,15.078,36283.59
2016-01-26,15.76,15.88,14.38,14.53,37950.22,-1.38,-8.67,15.482,37003.44
2016-01-25,15.78,16.15,15.66,15.9,32303.94,0.32,2.05,15.82,39436.48
2016-01-22,15.5,15.81,15.13,15.57,25284.37,0.13,0.84,15.752,41365.26
2016-01-21,15.7,16.2,15.0,15.4,45340.89,-0.6,-3.75,15.722,44920.24
2016-01-20,16.05,16.38,15.75,16.01,44137.8,-0.21,-1.29,15.83,49497.83
2016-01-19,15.55,16.25,15.33,16.22,50115.39,0.67,4.31,15.684,51278.04
2016-01-18,14.97,15.72,14.7,15.56,41947.85,0.17,1.1,15.5,53471.33
2016-01-15,15.71,16.1,15.21,15.42,43059.26,-0.55,-3.44,15.568,56689.04
2016-01-14,14.86,16.0,14.39,15.94,68228.87,0.7,4.59,16.018,60823.37
2016-01-13,15.45,15.88,14.75,15.28,53038.81,0.01,0.07,16.438,49594.2
2016-01-12,15.9,16.1,15.0,15.3,61081.87,-0.6,-3.77,17.392,46342.26
2016-01-11,16.59,17.24,15.9,15.9,58036.37,-1.77,-10.02,18.298,46971.51
2016-01-08,18.5,18.57,16.3,17.67,63730.94,-0.37,-2.05,19.256,44732.11
2016-01-07,19.7,19.7,18.04,18.04,12083.0,-2.0,-9.98,20.318,49178.38
2016-01-06,19.9,20.28,19.53,20.05,36779.14,0.18,0.91,21.08,52503.76
2016-01-05,19.0,21.15,19.0,19.83,64228.1,-0.86,-4.16,21.426,55649.07
2016-01-04,22.8,22.84,20.68,20.69,46839.38,-2.28,-9.93,21.838,57161.55
2015-12-31,21.9,23.38,21.9,22.98,85962.29,1.14,5.22,22.338,57153.86
2015-12-30,21.88,21.96,21.36,21.85,28709.9,0.08,0.37,22.352,54989.93
2015-12-29,21.86,22.27,21.3,21.78,52505.66,-0.1,-0.46,22.804,63269.41
2015-12-28,23.2,23.4,21.85,21.89,71790.53,-1.31,-5.65,23.208,63460.36
2015-12-25,23.18,23.3,22.82,23.19,46800.9,0.15,0.65,23.62,62566.37
2015-12-24,24.05,24.05,22.88,23.05,75142.68,-1.06,-4.4,23.78,75052.2
2015-12-23,23.97,24.44,23.66,24.11,70107.29,0.33,1.39,23.836,78284.79
2015-12-22,23.8,24.1,23.5,23.8,53460.38,-0.11,-0.46,23.462,72633.58
2015-12-21,24.2,24.8,23.7,23.95,67320.6,-0.04,-0.17,23.166,72099.51
2015-12-18,23.53,24.66,23.43,23.99,109230.05,0.65,2.79,22.834,66728.1
2015-12-17,22.5,23.35,22.5,23.33,91305.61,1.12,5.04,22.414,54229.64
2015-12-16,22.59,22.65,22.15,22.24,41851.26,-0.08,-0.36,22.188,61605.08
2015-12-15,22.24,22.66,22.01,22.32,50790.04,0.03,0.14,22.0,63908.85
2015-12-14,21.61,22.31,21.5,22.29,40463.54,0.41,1.87,21.748,65776.45
2015-12-11,21.81,22.39,21.6,21.89,46737.76,-0.31,-1.4,21.694,70308.06
2015-12-10,21.85,23.36,21.84,22.2,128182.8,0.93,4.37,21.606,73248.95
2015-12-09,21.06,21.87,21.01,21.3,53370.13,0.25,1.19,21.402,55498.06
2015-12-08,21.93,21.93,21.0,21.06,60128.03,-0.96,-4.36,21.304,53778.7
2015-12-07,21.45,22.15,21.09,22.02,63121.57,0.58,2.71,21.342,58269.85
2015-12-04,21.1,21.88,21.03,21.45,61442.24,0.28,1.32,21.026,62087.93
2015-12-03,20.66,21.32,20.66,21.18,39428.35,0.36,1.73,20.97,69129.2
2015-12-02,21.3,21.37,20.3,20.81,44773.31,-0.4,-1.89,21.44,71532.79
2015-12-01,20.38,22.0,20.01,21.25,82583.76,0.83,4.07,22.048,75980.09
2015-11-30,21.18,21.98,19.29,20.44,82211.97,-0.74,-3.49,22.526,72500.6
2015-11-27,23.35,23.43,21.17,21.17,96648.6,-2.35,-9.99,23.098,73520.63
2015-11-26,23.85,24.08,23.5,23.53,51446.29,-0.31,-1.3,23.71,74550.04
2015-11-25,23.4,24.15,23.4,23.85,67009.81,0.23,0.97,23.786,88392.9
2015-11-24,23.26,23.75,22.86,23.64,65186.31,0.33,1.42,23.818,106285.54
2015-11-23,24.55,24.61,23.25,23.3,87312.13,-0.9,-3.72,24.31,126233.41
2015-11-20,23.93,24.49,23.53,24.23,101795.66,0.32,1.34,24.86,130062.55
2015-11-19,23.72,24.26,23.01,23.91,120660.59,-0.12,-0.5,25.004,146429.66
2015-11-18,26.17,26.28,23.8,24.01,156473.0,-2.07,-7.94,25.028,146319.11
2015-11-17,27.62,27.69,25.9,26.1,164925.69,0.04,0.15,25.156,145360.43
2015-11-16,24.51,26.28,24.1,26.05,106457.82,1.09,4.37,24.894,152779.33
2015-11-13,24.1,26.35,24.1,24.95,183631.2,0.92,3.83,24.192,151800.2
2015-11-12,24.62,24.64,23.68,24.03,120107.83,-0.59,-2.4,23.668,129945.9
2015-11-11,24.2,25.1,23.8,24.65,151679.59,-0.14,-0.56,23.302,134189.6
2015-11-10,23.5,24.79,23.5,24.79,202020.19,2.25,9.98,22.742,124019.3
2015-11-09,22.04,23.11,22.04,22.54,101562.21,0.21,0.94,21.962,98114.64
2015-11-06,22.18,22.65,22.0,22.33,74359.66,0.12,0.54,21.542,91155.67
2015-11-05,22.3,23.15,21.88,22.2,141326.34,0.35,1.6,21.198,88336.36
2015-11-04,20.95,21.99,20.93,21.85,100828.08,0.96,4.6,20.946,73541.3
2015-11-03,20.89,21.33,20.0,20.89,72496.91,0.45,2.2,20.7,72995.81
2015-11-02,20.35,21.3,19.86,20.44,66767.37,-0.17,-0.82,20.88,79453.67
2015-10-30,20.85,21.0,20.5,20.61,60263.1,-0.28,-1.34,21.162,101797.79
2015-10-29,21.02,21.36,20.65,20.94,67351.04,0.32,1.55,21.526,128509.94
2015-10-28,21.9,22.12,20.2,20.62,98100.62,-1.16,-5.33,21.416,142654.08
2015-10-27,21.49,22.18,20.39,21.79,104786.21,-0.06,-0.28,21.0,141576.87
2015-10-26,23.32,23.46,21.06,21.85,178488.0,-0.58,-2.59,20.632,135255.37
2015-10-23,21.21,22.43,20.71,22.43,193823.84,2.04,10.01,20.192,120257.95
2015-10-22,18.65,20.39,18.65,20.39,138071.73,1.85,9.98,19.786,113394.85
2015-10-21,19.96,20.5,18.23,18.54,92714.55,-1.39,-6.97,19.7,111175.96
2015-10-20,19.86,20.39,19.66,19.95,73178.73,0.32,1.63,19.772,128554.4
2015-10-19,20.55,20.7,19.56,19.65,103500.92,-0.76,-3.72,19.482,137227.73
2015-10-16,20.32,21.0,19.5,20.4,159508.31,0.42,2.1,18.914,136727.91
2015-10-15,18.61,20.2,18.61,19.96,126977.31,1.08,5.72,18.072,114534.39
2015-10-14,18.15,19.9,17.81,18.9,179606.73,0.4,2.16,17.334,104250.53
2015-10-13,16.61,18.5,16.6,18.5,116545.37,1.68,9.99,16.688,85435.48
2015-10-12,16.2,17.18,16.01,16.81,101001.85,0.62,3.83,16.082,77775.84
2015-10-09,16.11,16.33,15.99,16.19,48540.67,-0.07,-0.43,15.736,65865.14
2015-10-08,16.03,16.5,15.75,16.27,75558.01,0.61,3.9,15.556,70529.0
2015-09-30,15.3,15.85,14.98,15.67,85531.49,0.2,1.29,15.382,67166.68
2015-09-29,14.96,16.0,14.81,15.47,78247.2,0.38,2.52,15.278,66914.79
2015-09-28,14.95,15.28,14.3,15.08,41448.35,-0.21,-1.37,15.178,67545.24
2015-09-25,15.5,15.95,15.03,15.29,71859.97,-0.1,-0.65,15.072,71348.77
2015-09-24,15.22,15.7,15.1,15.4,58746.39,0.26,1.72,14.818,68832.31
2015-09-23,14.94,15.45,14.6,15.15,84272.05,0.2,1.34,14.528,74839.67
2015-09-22,14.53,15.19,14.48,14.97,81399.43,0.44,3.03,14.426,73945.25
2015-09-21,13.9,14.57,13.73,14.55,60466.03,0.54,3.85,14.1,73783.21
2015-09-18,14.1,14.4,13.51,14.02,59277.66,0.04,0.29,14.082,89630.36
2015-09-17,14.58,15.35,13.92,13.95,88783.16,-0.7,-4.78,14.492,100754.88
2015-09-16,13.43,14.65,13.4,14.64,79799.99,1.32,9.91,14.626,99385.47
2015-09-15,13.74,14.25,13.1,13.34,80589.21,-1.12,-7.75,14.624,102441.97
2015-09-14,16.62,16.64,14.46,14.46,139701.77,-1.61,-10.02,14.726,98449.69
2015-09-11,15.0,16.07,14.61,16.07,114900.25,1.46,9.99,14.388,81007.34
2015-09-10,14.0,15.28,13.8,14.62,81936.15,-0.02,-0.14,13.646,72067.64
2015-09-09,13.95,14.88,13.95,14.63,95082.47,0.77,5.56,13.414,71477.58
2015-09-08,12.89,13.98,12.67,13.85,60627.79,1.09,8.54,13.478,68429.43
2015-09-07,12.92,13.38,12.63,12.77,52490.04,0.37,2.98,14.0,79869.39
2015-09-02,12.3,14.11,12.3,12.36,70201.74,-1.1,-8.17,14.44,96977.99
2015-09-01,14.78,14.78,13.46,13.46,78985.85,-1.5,-10.03,15.08,109001.3
2015-08-31,16.13,16.2,14.95,14.95,79841.72,-1.51,-9.17,15.846,98482.73
2015-08-28,15.4,16.46,15.0,16.46,117827.6,1.5,10.03,16.698,92680.85
2015-08-27,15.5,16.5,14.0,14.97,138033.02,-0.59,-3.79,17.478,96754.8
2015-08-26,17.0,18.35,15.56,15.56,130318.31,-1.73,-10.01,18.742,100097.45
2015-08-25,17.29,17.29,17.29,17.29,26393.0,-1.92,-9.99,19.788,98481.13
2015-08-24,20.0,20.4,19.21,19.21,50832.3,-2.13,-9.98,20.362,115245.36
2015-08-21,20.62,21.9,19.18,20.36,138197.38,-0.89,-4.19,21.0,126538.6
2015-08-20,20.98,22.67,20.3,21.29,154746.27,0.68,3.3,21.318,130653.97
2015-08-19,19.0,21.0,18.14,20.79,122236.72,0.63,3.12,21.342,128766.66
2015-08-18,22.4,22.4,20.16,20.16,110214.14,-2.24,-10.0,21.184,128473.37
2015-08-17,21.67,22.49,21.43,22.4,107298.51,0.46,2.1,21.092,130437.47
2015-08-14,21.61,22.83,21.61,21.95,158774.2,0.57,2.67,20.52,127557.13
2015-08-13,20.23,21.54,20.01,21.41,145309.73,1.41,7.05,19.726,109367.04
2015-08-12,19.35,20.64,19.1,20.0,120770.27,0.31,1.57,18.914,92426.9
2015-08-11,19.6,20.12,19.0,19.7,120034.65,0.15,0.77,18.416,88920.0
2015-08-10,18.22,19.65,18.22,19.54,92896.78,1.57,8.74,17.946,83771.6
2015-08-07,17.47,17.99,17.47,17.98,67823.78,0.61,3.51,17.192,82762.98
2015-08-06,16.94,17.98,16.81,17.35,60609.0,-0.15,-0.86,17.098,84605.36
2015-08-05,17.4,18.36,17.1,17.51,103235.81,0.16,0.92,17.348,90492.6
2015-08-04,16.2,17.35,15.8,17.35,94292.63,1.58,10.02,17.736,87169.08
2015-08-03,17.39,17.39,15.77,15.77,87853.7,-1.75,-9.99,17.996,90959.02
2015-07-31,17.71,18.4,17.02,17.51,77035.64,-1.07,-5.76,18.98,93243.56
2015-07-30,19.44,19.74,18.41,18.6,90045.23,-0.85,-4.37,20.076,104396.42
2015-07-29,19.12,19.5,17.2,19.45,86618.22,0.82,4.4,21.184,114616.91
2015-07-28,18.76,20.2,18.62,18.65,113242.29,-2.04,-9.86,21.794,121930.47
2015-07-27,22.3,23.65,20.69,20.69,99276.44,-2.3,-10.0,22.31,116212.45
2015-07-24,24.0,24.55,22.38,22.99,132799.91,-1.15,-4.76,22.404,120054.0
2015-07-23,23.2,24.26,23.0,24.14,141147.69,1.68,7.48,22.03,112668.13
2015-07-22,21.24,22.5,21.24,22.5,123186.04,1.28,6.03,21.218,114165.21
2015-07-21,20.85,21.49,20.16,21.23,84652.19,0.09,0.43,21.138,106721.29
2015-07-20,21.1,21.49,20.1,21.16,118484.16,0.06,0.28,21.804,130555.22
2015-07-17,20.5,21.97,20.2,21.12,95870.55,1.05,5.23,23.028,149992.77
2015-07-16,19.98,22.3,19.89,20.08,148633.12,-2.02,-9.14,23.926,163654.57
2015-07-15,22.78,23.04,22.1,22.1,85966.42,-2.46,-10.02,24.564,158767.95
2015-07-14,26.4,26.99,24.56,24.56,203821.83,-2.73,-10.0,25.146,176478.95
2015-07-13,25.63,27.9,25.63,27.28,215671.91,1.67,6.52,25.0,169405.01
2015-07-10,22.2,25.61,22.1,25.61,164179.59,2.33,10.01,24.602,156328.46
2015-07-01,25.0,25.8,22.8,23.27,124199.99,-1.74,-6.96,24.874,145420.94
2015-06-30,23.82,25.13,21.44,25.01,174521.44,1.19,5.0,25.83,140738.14
2015-06-29,26.5,26.98,22.82,23.83,168452.12,-1.45,-5.74,26.266,123192.98
2015-06-26,27.0,27.5,24.27,25.29,150289.14,-1.68,-6.23,27.114,104764.62
2015-06-25,28.0,28.5,26.0,26.97,109642.01,-1.07,-3.82,28.296,91983.2
2015-06-24,27.6,28.5,27.48,28.05,100785.98,0.87,3.2,29.168,88217.07
2015-06-23,26.8,28.8,25.31,27.19,86795.67,-0.88,-3.13,30.028,98686.0
2015-06-19,30.98,30.98,28.07,28.07,76310.31,-3.12,-10.0,30.928,121200.77
2015-06-18,30.94,32.89,30.38,31.2,86382.05,-0.12,-0.38,32.356,137903.89
2015-06-17,31.45,32.2,29.8,31.33,90811.36,-1.03,-3.18,32.994,155242.62
2015-06-16,30.48,33.48,29.61,32.35,153130.61,0.66,2.08,33.498,190886.97
2015-06-15,34.99,34.99,31.69,31.69,199369.53,-3.52,-10.0,33.696,201148.55
2015-06-12,34.69,35.98,34.01,35.21,159825.88,0.82,2.38,33.42,197248.25
2015-06-11,33.17,34.98,32.51,34.39,173075.73,0.54,1.59,32.016,193141.45
2015-06-10,34.1,36.35,32.23,33.85,269033.12,0.51,1.53,30.538,176305.53
2015-06-09,30.46,33.34,30.46,33.34,204438.47,3.03,10.0,29.252,146431.02
2015-06-08,28.4,30.9,28.4,30.31,179868.05,2.12,7.52,28.232,128067.98
2015-06-05,27.37,28.35,27.37,28.19,139291.88,1.19,4.41,27.606,111712.57
2015-06-04,27.42,27.55,25.0,27.0,88896.11,-0.42,-1.53,27.128,109533.97
2015-06-03,28.25,28.5,26.62,27.42,119660.61,-0.82,-2.9,26.782,128227.99
2015-06-02,27.5,28.59,27.4,28.24,112623.23,1.06,3.9,26.912,141218.55
2015-06-01,25.86,27.79,25.86,27.18,98091.02,1.38,5.35,27.196,158335.93
2015-05-29,25.5,26.58,23.7,25.8,128398.88,0.53,2.1,27.744,169081.63
2015-05-28,27.95,27.95,25.26,25.27,182366.2,-2.8,-9.97,28.492,185278.38
2015-05-27,29.66,29.66,27.95,28.07,184613.42,-1.59,-5.36,29.082,173043.16
2015-05-26,29.92,30.3,28.7,29.66,198210.12,-0.26,-0.87,28.598,168949.11
2015-05-25,29.3,30.3,28.1,29.92,151819.52,0.38,1.29,27.33,145896.23
2015-05-22,29.87,30.99,28.53,29.54,209382.62,1.32,4.68,25.96,137509.57
2015-05-21,27.5,28.22,26.5,28.22,121190.11,2.57,10.02,24.508,117760.48
2015-05-20,24.1,25.65,24.1,25.65,164143.16,2.33,9.99,23.292,118737.32
2015-05-19,23.68,23.69,22.47,23.32,82945.73,0.25,1.08,22.318,100396.01
2015-05-18,22.28,24.45,22.08,23.07,109886.22,0.79,3.55,21.896,100442.05
2015-05-15,22.35,22.51,21.57,22.28,110637.16,0.14,0.63,21.398,94248.95
2015-05-14,20.84,22.59,20.72,22.14,126074.32,1.36,6.54,20.942,89971.27
2015-05-13,21.21,21.21,20.7,20.78,72436.6,-0.43,-2.03,20.276,78566.68
2015-05-12,20.78,21.47,20.4,21.21,83175.93,0.63,3.06,20.014,81264.03
2015-05-11,20.31,20.84,20.15,20.58,78920.74,0.58,2.9,19.916,82304.64
2015-05-08,19.1,20.18,19.1,20.0,89248.75,1.19,6.33,20.25,78174.86
2015-05-07,19.56,19.6,18.59,18.81,69051.38,-0.66,-3.39,20.748,78720.17
2015-05-06,20.85,21.0,19.25,19.47,85923.34,-1.25,-6.03,21.404,80226.93
2015-05-05,22.41,22.48,20.33,20.72,88378.98,-1.53,-6.88,21.86,85181.97
2015-05-04,22.2,22.55,21.83,22.25,58271.87,-0.24,-1.07,22.3,99371.2
2015-04-30,22.2,22.8,22.2,22.49,91975.28,0.4,1.81,22.15,106379.26
2015-04-29,21.73,22.54,21.02,22.09,76585.19,0.34,1.56,22.014,108612.9
2015-04-28,22.93,23.1,21.47,21.75,110698.53,-1.17,-5.11,21.96,121443.63
2015-04-27,22.56,23.65,22.56,22.92,159325.12,1.42,6.61,21.952,121509.68
2015-04-24,21.82,21.82,21.0,21.5,93312.18,-0.31,-1.42,21.622,125742.68
2015-04-23,22.0,22.4,21.72,21.81,103143.46,-0.01,-0.05,21.734,148434.88
2015-04-22,21.9,22.3,21.58,21.82,140738.84,0.11,0.51,21.966,172020.25
2015-04-21,21.0,21.97,20.8,21.71,111028.8,0.44,2.07,22.478,193934.8
2015-04-20,21.7,22.78,20.24,21.27,180490.12,-0.79,-3.58,22.784,202667.73
2015-04-17,22.6,23.97,21.8,22.06,206773.17,-0.91,-3.96,22.756,200934.24
2015-04-16,24.63,25.21,21.94,22.97,221070.31,-1.41,-5.78,22.23,182172.04
2015-04-15,23.45,25.56,23.4,24.38,250311.59,1.14,4.91,21.56,174581.78
2015-04-14,21.45,23.24,21.45,23.24,154693.44,2.11,9.99,20.368,156064.66
2015-04-13,19.6,21.3,19.5,21.13,171822.69,1.7,8.75,19.228,149620.34
2015-04-10,19.55,19.89,19.2,19.43,112962.15,-0.19,-0.97,18.334,133648.38
2015-04-09,18.28,19.89,18.02,19.62,183119.05,1.2,6.51,17.736,124323.21
2015-04-08,17.6,18.53,17.6,18.42,157725.97,0.88,5.02,17.07,101421.29
2015-04-07,16.54,17.98,16.5,17.54,122471.85,0.88,5.28,16.62,86769.62
2015-04-03,16.44,16.77,16.25,16.66,91962.88,0.22,1.34,16.396,79293.34
2015-04-02,16.21,16.5,16.21,16.44,66336.32,0.15,0.92,16.218,84971.19
2015-04-01,16.18,16.48,16.0,16.29,68609.42,0.12,0.74,15.916,88679.47
2015-03-31,16.78,16.88,16.07,16.17,84467.62,-0.25,-1.52,15.718,94392.47
2015-03-30,15.99,16.63,15.99,16.42,85090.45,0.65,4.12,15.62,108176.96
2015-03-27,14.9,15.86,14.9,15.77,120352.13,0.84,5.63,15.412,109051.14
2015-03-26,15.14,15.35,14.91,14.93,84877.75,-0.37,-2.42,15.326,100340.74
2015-03-25,15.97,15.97,15.18,15.3,97174.4,-0.38,-2.42,15.416,102094.02
2015-03-24,15.38,16.16,15.28,15.68,153390.08,0.3,1.95,15.418,106966.89
2015-03-23,15.34,15.56,15.25,15.38,89461.32,0.04,0.26,15.318,108043.02
2015-03-20,15.38,15.48,15.18,15.34,76800.13,-0.04,-0.26,15.216,109044.42
2015-03-19,15.2,15.64,15.11,15.38,93644.19,0.07,0.46,15.042,105952.84
2015-03-18,15.18,15.66,15.02,15.31,121538.71,0.13,0.86,14.788,104219.67
2015-03-17,14.9,15.44,14.63,15.18,158770.77,0.31,2.08,14.586,103853.62
2015-03-16,14.52,15.05,14.51,14.87,94468.3,0.4,2.76,14.48,92342.17
2015-03-13,14.13,14.5,14.08,14.47,61342.22,0.36,2.55,14.368,102437.64
2015-03-12,14.11,14.8,13.95,14.11,84978.37,-0.19,-1.33,14.33,126135.54
2015-03-11,14.8,15.08,14.14,14.3,119708.43,-0.35,-2.39,14.14,127775.94
2015-03-10,14.2,14.8,14.01,14.65,101213.51,0.34,2.38,13.86,117249.34
2015-03-09,14.14,14.85,13.8,14.31,144945.66,0.03,0.21,13.47,124820.96
2015-03-06,13.17,14.48,13.13,14.28,179831.72,1.12,8.51,13.112,115090.18
2015-03-05,12.88,13.45,12.87,13.16,93180.39,0.26,2.02,12.696,86202.44
2015-03-04,12.8,12.92,12.61,12.9,67075.44,0.2,1.57,12.49,72764.49
2015-03-03,12.52,13.06,12.52,12.7,139071.61,0.18,1.44,12.328,66044.39
2015-03-02,12.25,12.67,12.2,12.52,96291.73,0.32,2.62,12.232,45320.67
2015-02-27,12.06,12.22,12.06,12.2,35393.05,0.07,0.58,12.152,32612.32
2015-02-26,12.09,12.18,12.0,12.13,25990.64,0.04,0.33,12.13,35180.69
2015-02-25,12.22,12.36,12.07,12.09,33474.9,-0.13,-1.06,12.06,33452.83
2015-02-17,12.18,12.25,12.13,12.22,35453.01,0.1,0.82,11.994,30355.38
2015-02-16,12.09,12.23,12.05,12.12,32750.02,0.03,0.25,11.85,27940.42
2015-02-13,11.88,12.28,11.8,12.09,48234.86,0.31,2.63,11.72,26526.6
2015-02-12,11.8,11.84,11.72,11.78,17351.35,0.02,0.17,11.658,22453.08
2015-02-11,11.58,11.82,11.51,11.76,17987.68,0.26,2.26,11.672,24519.9
2015-02-10,11.47,11.63,11.4,11.5,23378.19,0.03,0.26,11.718,27213.39
2015-02-09,11.77,11.77,11.42,11.47,25680.93,-0.31,-2.63,11.826,28343.97
2015-02-06,11.85,12.0,11.76,11.78,27867.27,-0.07,-0.59,11.926,31392.48
2015-02-05,12.15,12.15,11.83,11.85,27685.43,-0.14,-1.17,11.982,42526.53
2015-02-04,12.05,12.15,11.92,11.99,31455.14,-0.05,-0.41,12.132,60502.06
2015-02-03,11.99,12.2,11.96,12.04,29031.06,0.07,0.58,12.168,63020.05
2015-02-02,11.8,12.15,11.66,11.97,40923.5,-0.09,-0.75,12.222,75833.16
2015-01-30,12.4,12.49,12.0,12.06,83537.52,-0.54,-4.29,12.342,93643.37
2015-01-29,12.19,12.85,12.18,12.6,117563.07,0.43,3.53,12.43,105297.84
2015-01-28,12.15,12.4,12.13,12.17,44045.12,-0.14,-1.14,12.364,105584.81
2015-01-27,12.63,12.67,12.11,12.31,93096.57,-0.26,-2.07,12.372,121715.79
2015-01-26,12.68,12.95,12.29,12.57,129974.57,0.07,0.56,12.388,128870.59
2015-01-23,12.1,13.08,12.07,12.5,141809.89,0.23,1.87,12.327,128502.6
2015-01-22,12.17,12.29,11.85,12.27,118997.92,0.06,0.49,12.24,121848.96
2015-01-21,11.07,12.21,11.07,12.21,124699.99,1.11,10.0,12.21,124699.99
